Algorithm,Execution_Time,Steps
BFS,3.3563639000000194,23
DFS,0.13262040000006436,7113
IDDFS,2.1480169999999816,27
UCS,3.0161008999999694,23
